"filename", "language", "Markdown", "Makefile", "C++", "HTML", "Shell Script", "JavaScript", "XML", "CSS", "comment", "blank", "total"
"/home/matvey/Рабочий стол/C/myProgLanguage/Frontened/Makefile", "Makefile", 0, 31, 0, 0, 0, 0, 0, 0, 3, 14, 48
"/home/matvey/Рабочий стол/C/myProgLanguage/Frontened/include/codeGeneration_(refactorToTokens).h", "C++", 0, 0, 22, 0, 0, 0, 0, 0, 0, 1, 23
"/home/matvey/Рабочий стол/C/myProgLanguage/Frontened/include/constants.h", "C++", 0, 0, 9, 0, 0, 0, 0, 0, 1, 2, 12
"/home/matvey/Рабочий стол/C/myProgLanguage/Frontened/include/createPredprocessingTree.h", "C++", 0, 0, 5, 0, 0, 0, 0, 0, 0, 3, 8
"/home/matvey/Рабочий стол/C/myProgLanguage/Frontened/include/refactorToTokens.h", "C++", 0, 0, 6, 0, 0, 0, 0, 0, 0, 3, 9
"/home/matvey/Рабочий стол/C/myProgLanguage/Frontened/include/workWithFile.h", "C++", 0, 0, 6, 0, 0, 0, 0, 0, 10, 3, 19
"/home/matvey/Рабочий стол/C/myProgLanguage/Frontened/source/createPredprocessingTree.cpp", "C++", 0, 0, 388, 0, 0, 0, 0, 0, 15, 52, 455
"/home/matvey/Рабочий стол/C/myProgLanguage/Frontened/source/main.cpp", "C++", 0, 0, 44, 0, 0, 0, 0, 0, 0, 5, 49
"/home/matvey/Рабочий стол/C/myProgLanguage/Frontened/source/readFile.cpp", "C++", 0, 0, 34, 0, 0, 0, 0, 0, 9, 12, 55
"/home/matvey/Рабочий стол/C/myProgLanguage/Frontened/source/refactorToTokens.cpp", "C++", 0, 0, 137, 0, 0, 0, 0, 0, 9, 31, 177
"/home/matvey/Рабочий стол/C/myProgLanguage/General/errors.h", "C++", 0, 0, 10, 0, 0, 0, 0, 0, 0, 2, 12
"/home/matvey/Рабочий стол/C/myProgLanguage/General/graphDump/choose_color_and_name_byType.cpp", "C++", 0, 0, 121, 0, 0, 0, 0, 0, 0, 45, 166
"/home/matvey/Рабочий стол/C/myProgLanguage/General/graphDump/graphDump.h", "C++", 0, 0, 8, 0, 0, 0, 0, 0, 16, 7, 31
"/home/matvey/Рабочий стол/C/myProgLanguage/General/graphDump/wrDotFile.cpp", "C++", 0, 0, 89, 0, 0, 0, 0, 0, 0, 16, 105
"/home/matvey/Рабочий стол/C/myProgLanguage/General/graphDump/wrPngFile.cpp", "C++", 0, 0, 28, 0, 0, 0, 0, 0, 1, 6, 35
"/home/matvey/Рабочий стол/C/myProgLanguage/General/programTree/tree.h", "C++", 0, 0, 61, 0, 0, 0, 0, 0, 23, 17, 101
"/home/matvey/Рабочий стол/C/myProgLanguage/General/programTree/treeFuncs.cpp", "C++", 0, 0, 85, 0, 0, 0, 0, 0, 8, 24, 117
"/home/matvey/Рабочий стол/C/myProgLanguage/General/treeTransfer/pullTree.cpp", "C++", 0, 0, 61, 0, 0, 0, 0, 0, 0, 12, 73
"/home/matvey/Рабочий стол/C/myProgLanguage/General/treeTransfer/pushTree.cpp", "C++", 0, 0, 31, 0, 0, 0, 0, 0, 0, 9, 40
"/home/matvey/Рабочий стол/C/myProgLanguage/General/treeTransfer/treeTransfer.h", "C++", 0, 0, 6, 0, 0, 0, 0, 0, 0, 3, 9
"/home/matvey/Рабочий стол/C/myProgLanguage/Makefile", "Makefile", 0, 28, 0, 0, 0, 0, 0, 0, 0, 13, 41
"/home/matvey/Рабочий стол/C/myProgLanguage/Middlend/Makefile", "Makefile", 0, 25, 0, 0, 0, 0, 0, 0, 3, 12, 40
"/home/matvey/Рабочий стол/C/myProgLanguage/Middlend/main.cpp", "C++", 0, 0, 18, 0, 0, 0, 0, 0, 0, 3, 21
"/home/matvey/Рабочий стол/C/myProgLanguage/README.md", "Markdown", 39, 0, 0, 0, 0, 0, 0, 0, 0, 4, 43
"/home/matvey/Рабочий стол/C/myProgLanguage/doc/html/Assembler_2h__files_2commands_8h.html", "HTML", 0, 0, 0, 205, 0, 0, 0, 0, 5, 7, 217
"/home/matvey/Рабочий стол/C/myProgLanguage/doc/html/Assembler_2h__files_2commands_8h_source.html", "HTML", 0, 0, 0, 163, 0, 0, 0, 0, 5, 3, 171
"/home/matvey/Рабочий стол/C/myProgLanguage/doc/html/Assembler_2h__files_2registers_8h.html", "HTML", 0, 0, 0, 140, 0, 0, 0, 0, 5, 5, 150
"/home/matvey/Рабочий стол/C/myProgLanguage/doc/html/Assembler_2h__files_2registers_8h_source.html", "HTML", 0, 0, 0, 103, 0, 0, 0, 0, 5, 3, 111
"/home/matvey/Рабочий стол/C/myProgLanguage/doc/html/Processor_2h__files_2commands_8h.html", "HTML", 0, 0, 0, 192, 0, 0, 0, 0, 5, 7, 204
"/home/matvey/Рабочий стол/C/myProgLanguage/doc/html/Processor_2h__files_2commands_8h_source.html", "HTML", 0, 0, 0, 148, 0, 0, 0, 0, 5, 3, 156
"/home/matvey/Рабочий стол/C/myProgLanguage/doc/html/Processor_2h__files_2macros_8h.html", "HTML", 0, 0, 0, 121, 0, 0, 0, 0, 5, 5, 131
"/home/matvey/Рабочий стол/C/myProgLanguage/doc/html/Processor_2h__files_2macros_8h_source.html", "HTML", 0, 0, 0, 97, 0, 0, 0, 0, 5, 3, 105
"/home/matvey/Рабочий стол/C/myProgLanguage/doc/html/Processor_2h__files_2registers_8h.html", "HTML", 0, 0, 0, 170, 0, 0, 0, 0, 5, 7, 182
"/home/matvey/Рабочий стол/C/myProgLanguage/doc/html/Processor_2h__files_2registers_8h_source.html", "HTML", 0, 0, 0, 106, 0, 0, 0, 0, 5, 3, 114
"/home/matvey/Рабочий стол/C/myProgLanguage/doc/html/README_8md.html", "HTML", 0, 0, 0, 74, 0, 0, 0, 0, 5, 3, 82
"/home/matvey/Рабочий стол/C/myProgLanguage/doc/html/annotated.html", "HTML", 0, 0, 0, 90, 0, 0, 0, 0, 5, 3, 98
"/home/matvey/Рабочий стол/C/myProgLanguage/doc/html/choose__color__and__name__byType_8cpp.html", "HTML", 0, 0, 0, 141, 0, 0, 0, 0, 5, 7, 153
"/home/matvey/Рабочий стол/C/myProgLanguage/doc/html/choose__color__and__name__byType_8h.html", "HTML", 0, 0, 0, 148, 0, 0, 0, 0, 5, 7, 160
"/home/matvey/Рабочий стол/C/myProgLanguage/doc/html/choose__color__and__name__byType_8h_source.html", "HTML", 0, 0, 0, 96, 0, 0, 0, 0, 5, 3, 104
"/home/matvey/Рабочий стол/C/myProgLanguage/doc/html/classes.html", "HTML", 0, 0, 0, 101, 0, 0, 0, 0, 5, 3, 109
"/home/matvey/Рабочий стол/C/myProgLanguage/doc/html/codeGeneration___07refactorToTokens_08_8h.html", "HTML", 0, 0, 0, 125, 0, 0, 0, 0, 5, 5, 135
"/home/matvey/Рабочий стол/C/myProgLanguage/doc/html/codeGeneration___07refactorToTokens_08_8h_source.html", "HTML", 0, 0, 0, 106, 0, 0, 0, 0, 5, 3, 114
"/home/matvey/Рабочий стол/C/myProgLanguage/doc/html/colors_8h.html", "HTML", 0, 0, 0, 211, 0, 0, 0, 0, 5, 19, 235
"/home/matvey/Рабочий стол/C/myProgLanguage/doc/html/colors_8h_source.html", "HTML", 0, 0, 0, 97, 0, 0, 0, 0, 5, 3, 105
"/home/matvey/Рабочий стол/C/myProgLanguage/doc/html/constants_8h.html", "HTML", 0, 0, 0, 181, 0, 0, 0, 0, 5, 15, 201
"/home/matvey/Рабочий стол/C/myProgLanguage/doc/html/constants_8h_source.html", "HTML", 0, 0, 0, 100, 0, 0, 0, 0, 5, 3, 108
"/home/matvey/Рабочий стол/C/myProgLanguage/doc/html/convertAsmToCommands_8cpp.html", "HTML", 0, 0, 0, 620, 0, 0, 0, 0, 5, 26, 651
"/home/matvey/Рабочий стол/C/myProgLanguage/doc/html/convertAsmToCommands_8h.html", "HTML", 0, 0, 0, 227, 0, 0, 0, 0, 5, 9, 241
"/home/matvey/Рабочий стол/C/myProgLanguage/doc/html/convertAsmToCommands_8h_source.html", "HTML", 0, 0, 0, 116, 0, 0, 0, 0, 5, 3, 124
"/home/matvey/Рабочий стол/C/myProgLanguage/doc/html/countHash_8cpp.html", "HTML", 0, 0, 0, 160, 0, 0, 0, 0, 5, 7, 172
"/home/matvey/Рабочий стол/C/myProgLanguage/doc/html/countHash_8h.html", "HTML", 0, 0, 0, 140, 0, 0, 0, 0, 5, 5, 150
"/home/matvey/Рабочий стол/C/myProgLanguage/doc/html/countHash_8h_source.html", "HTML", 0, 0, 0, 94, 0, 0, 0, 0, 5, 3, 102
"/home/matvey/Рабочий стол/C/myProgLanguage/doc/html/dir_000001_000005.html", "HTML", 0, 0, 0, 75, 0, 0, 0, 0, 5, 3, 83
"/home/matvey/Рабочий стол/C/myProgLanguage/doc/html/dir_000002_000006.html", "HTML", 0, 0, 0, 75, 0, 0, 0, 0, 5, 3, 83
"/home/matvey/Рабочий стол/C/myProgLanguage/doc/html/dir_000002_000012.html", "HTML", 0, 0, 0, 75, 0, 0, 0, 0, 5, 3, 83
"/home/matvey/Рабочий стол/C/myProgLanguage/doc/html/dir_000003_000007.html", "HTML", 0, 0, 0, 75, 0, 0, 0, 0, 5, 3, 83
"/home/matvey/Рабочий стол/C/myProgLanguage/doc/html/dir_000004_000008.html", "HTML", 0, 0, 0, 75, 0, 0, 0, 0, 5, 3, 83
"/home/matvey/Рабочий стол/C/myProgLanguage/doc/html/dir_000006_000012.html", "HTML", 0, 0, 0, 75, 0, 0, 0, 0, 5, 3, 83
"/home/matvey/Рабочий стол/C/myProgLanguage/doc/html/dir_000010_000012.html", "HTML", 0, 0, 0, 75, 0, 0, 0, 0, 5, 3, 83
"/home/matvey/Рабочий стол/C/myProgLanguage/doc/html/dir_000011_000008.html", "HTML", 0, 0, 0, 75, 0, 0, 0, 0, 5, 3, 83
"/home/matvey/Рабочий стол/C/myProgLanguage/doc/html/dir_17f39a1e2353b3b9451a3338f1f8274f.html", "HTML", 0, 0, 0, 99, 0, 0, 0, 0, 5, 3, 107
"/home/matvey/Рабочий стол/C/myProgLanguage/doc/html/dir_18a8ba2972f4800c371f5ac2c204bd5b.html", "HTML", 0, 0, 0, 110, 0, 0, 0, 0, 5, 3, 118
"/home/matvey/Рабочий стол/C/myProgLanguage/doc/html/dir_2c8fd431348f8c7e746249dd894de86f.html", "HTML", 0, 0, 0, 103, 0, 0, 0, 0, 5, 3, 111
"/home/matvey/Рабочий стол/C/myProgLanguage/doc/html/dir_3ab5adf3688c1279663983f7c9ad4be6.html", "HTML", 0, 0, 0, 102, 0, 0, 0, 0, 5, 3, 110
"/home/matvey/Рабочий стол/C/myProgLanguage/doc/html/dir_9986310560ae8f4d8f90170189a0e171.html", "HTML", 0, 0, 0, 113, 0, 0, 0, 0, 5, 3, 121
"/home/matvey/Рабочий стол/C/myProgLanguage/doc/html/dir_a87963420b8aceb759ef72e469e7d83c.html", "HTML", 0, 0, 0, 101, 0, 0, 0, 0, 5, 3, 109
"/home/matvey/Рабочий стол/C/myProgLanguage/doc/html/dir_b23e4db1eeb8e501646fb8f543d381d9.html", "HTML", 0, 0, 0, 99, 0, 0, 0, 0, 5, 3, 107
"/home/matvey/Рабочий стол/C/myProgLanguage/doc/html/dir_b2f33c71d4aa5e7af42a1ca61ff5af1b.html", "HTML", 0, 0, 0, 113, 0, 0, 0, 0, 5, 3, 121
"/home/matvey/Рабочий стол/C/myProgLanguage/doc/html/dir_b89c1a95b830604292bcbf080ed49305.html", "HTML", 0, 0, 0, 109, 0, 0, 0, 0, 5, 3, 117
"/home/matvey/Рабочий стол/C/myProgLanguage/doc/html/dir_d13a9b8ecfeda9348fa0ca2d8093a287.html", "HTML", 0, 0, 0, 104, 0, 0, 0, 0, 5, 3, 112
"/home/matvey/Рабочий стол/C/myProgLanguage/doc/html/dir_d44c64559bbebec7f509842c48db8b23.html", "HTML", 0, 0, 0, 100, 0, 0, 0, 0, 5, 3, 108
"/home/matvey/Рабочий стол/C/myProgLanguage/doc/html/dir_f229e21fa9219833d724d276f84487fd.html", "HTML", 0, 0, 0, 112, 0, 0, 0, 0, 5, 3, 120
"/home/matvey/Рабочий стол/C/myProgLanguage/doc/html/dir_f9dadf815a373a470b4c0cfd9ac78fed.html", "HTML", 0, 0, 0, 100, 0, 0, 0, 0, 5, 3, 108
"/home/matvey/Рабочий стол/C/myProgLanguage/doc/html/doc.svg", "XML", 0, 0, 0, 0, 0, 0, 12, 0, 0, 1, 13
"/home/matvey/Рабочий стол/C/myProgLanguage/doc/html/docd.svg", "XML", 0, 0, 0, 0, 0, 0, 12, 0, 0, 1, 13
"/home/matvey/Рабочий стол/C/myProgLanguage/doc/html/doxygen.css", "CSS", 0, 0, 0, 0, 0, 0, 0, 1681, 49, 316, 2046
"/home/matvey/Рабочий стол/C/myProgLanguage/doc/html/doxygen.svg", "XML", 0, 0, 0, 0, 0, 0, 28, 0, 0, 1, 29
"/home/matvey/Рабочий стол/C/myProgLanguage/doc/html/dynsections.js", "JavaScript", 0, 0, 0, 0, 0, 131, 0, 0, 48, 14, 193
"/home/matvey/Рабочий стол/C/myProgLanguage/doc/html/errorNames_8h.html", "HTML", 0, 0, 0, 140, 0, 0, 0, 0, 5, 5, 150
"/home/matvey/Рабочий стол/C/myProgLanguage/doc/html/errorNames_8h_source.html", "HTML", 0, 0, 0, 105, 0, 0, 0, 0, 5, 3, 113
"/home/matvey/Рабочий стол/C/myProgLanguage/doc/html/errors_8h.html", "HTML", 0, 0, 0, 165, 0, 0, 0, 0, 5, 5, 175
"/home/matvey/Рабочий стол/C/myProgLanguage/doc/html/errors_8h_source.html", "HTML", 0, 0, 0, 103, 0, 0, 0, 0, 5, 3, 111
"/home/matvey/Рабочий стол/C/myProgLanguage/doc/html/files.html", "HTML", 0, 0, 0, 153, 0, 0, 0, 0, 5, 3, 161
"/home/matvey/Рабочий стол/C/myProgLanguage/doc/html/folderclosed.svg", "XML", 0, 0, 0, 0, 0, 0, 11, 0, 0, 1, 12
"/home/matvey/Рабочий стол/C/myProgLanguage/doc/html/folderclosedd.svg", "XML", 0, 0, 0, 0, 0, 0, 11, 0, 0, 1, 12
"/home/matvey/Рабочий стол/C/myProgLanguage/doc/html/folderopen.svg", "XML", 0, 0, 0, 0, 0, 0, 17, 0, 0, 1, 18
"/home/matvey/Рабочий стол/C/myProgLanguage/doc/html/folderopend.svg", "XML", 0, 0, 0, 0, 0, 0, 12, 0, 0, 1, 13
"/home/matvey/Рабочий стол/C/myProgLanguage/doc/html/functions.html", "HTML", 0, 0, 0, 126, 0, 0, 0, 0, 5, 24, 155
"/home/matvey/Рабочий стол/C/myProgLanguage/doc/html/functions_vars.html", "HTML", 0, 0, 0, 126, 0, 0, 0, 0, 5, 24, 155
"/home/matvey/Рабочий стол/C/myProgLanguage/doc/html/getCommands_8cpp.html", "HTML", 0, 0, 0, 322, 0, 0, 0, 0, 5, 13, 340
"/home/matvey/Рабочий стол/C/myProgLanguage/doc/html/getCommands_8h.html", "HTML", 0, 0, 0, 195, 0, 0, 0, 0, 5, 9, 209
"/home/matvey/Рабочий стол/C/myProgLanguage/doc/html/getCommands_8h_source.html", "HTML", 0, 0, 0, 108, 0, 0, 0, 0, 5, 3, 116
"/home/matvey/Рабочий стол/C/myProgLanguage/doc/html/getData__of__BinaryFile_8cpp.html", "HTML", 0, 0, 0, 144, 0, 0, 0, 0, 5, 5, 154
"/home/matvey/Рабочий стол/C/myProgLanguage/doc/html/getData__of__BinaryFile_8h.html", "HTML", 0, 0, 0, 152, 0, 0, 0, 0, 5, 5, 162
"/home/matvey/Рабочий стол/C/myProgLanguage/doc/html/getData__of__BinaryFile_8h_source.html", "HTML", 0, 0, 0, 96, 0, 0, 0, 0, 5, 3, 104
"/home/matvey/Рабочий стол/C/myProgLanguage/doc/html/getFileStrings_8cpp.html", "HTML", 0, 0, 0, 144, 0, 0, 0, 0, 5, 5, 154
"/home/matvey/Рабочий стол/C/myProgLanguage/doc/html/getFileStrings_8h.html", "HTML", 0, 0, 0, 150, 0, 0, 0, 0, 5, 5, 160
"/home/matvey/Рабочий стол/C/myProgLanguage/doc/html/getFileStrings_8h_source.html", "HTML", 0, 0, 0, 96, 0, 0, 0, 0, 5, 3, 104
"/home/matvey/Рабочий стол/C/myProgLanguage/doc/html/getNumber_8cpp.html", "HTML", 0, 0, 0, 147, 0, 0, 0, 0, 5, 7, 159
"/home/matvey/Рабочий стол/C/myProgLanguage/doc/html/getNumber_8h.html", "HTML", 0, 0, 0, 127, 0, 0, 0, 0, 5, 5, 137
"/home/matvey/Рабочий стол/C/myProgLanguage/doc/html/getNumber_8h_source.html", "HTML", 0, 0, 0, 90, 0, 0, 0, 0, 5, 3, 98
"/home/matvey/Рабочий стол/C/myProgLanguage/doc/html/globals.html", "HTML", 0, 0, 0, 79, 0, 0, 0, 0, 5, 4, 88
"/home/matvey/Рабочий стол/C/myProgLanguage/doc/html/globals_b.html", "HTML", 0, 0, 0, 78, 0, 0, 0, 0, 5, 4, 87
"/home/matvey/Рабочий стол/C/myProgLanguage/doc/html/globals_c.html", "HTML", 0, 0, 0, 121, 0, 0, 0, 0, 5, 4, 130
"/home/matvey/Рабочий стол/C/myProgLanguage/doc/html/globals_d.html", "HTML", 0, 0, 0, 78, 0, 0, 0, 0, 5, 4, 87
"/home/matvey/Рабочий стол/C/myProgLanguage/doc/html/globals_defs.html", "HTML", 0, 0, 0, 94, 0, 0, 0, 0, 5, 3, 102
"/home/matvey/Рабочий стол/C/myProgLanguage/doc/html/globals_e.html", "HTML", 0, 0, 0, 78, 0, 0, 0, 0, 5, 4, 87
"/home/matvey/Рабочий стол/C/myProgLanguage/doc/html/globals_enum.html", "HTML", 0, 0, 0, 81, 0, 0, 0, 0, 5, 3, 89
"/home/matvey/Рабочий стол/C/myProgLanguage/doc/html/globals_eval.html", "HTML", 0, 0, 0, 172, 0, 0, 0, 0, 5, 24, 201
"/home/matvey/Рабочий стол/C/myProgLanguage/doc/html/globals_f.html", "HTML", 0, 0, 0, 76, 0, 0, 0, 0, 5, 4, 85
"/home/matvey/Рабочий стол/C/myProgLanguage/doc/html/globals_func.html", "HTML", 0, 0, 0, 194, 0, 0, 0, 0, 5, 30, 229
"/home/matvey/Рабочий стол/C/myProgLanguage/doc/html/globals_g.html", "HTML", 0, 0, 0, 106, 0, 0, 0, 0, 5, 4, 115
"/home/matvey/Рабочий стол/C/myProgLanguage/doc/html/globals_i.html", "HTML", 0, 0, 0, 80, 0, 0, 0, 0, 5, 4, 89
"/home/matvey/Рабочий стол/C/myProgLanguage/doc/html/globals_l.html", "HTML", 0, 0, 0, 75, 0, 0, 0, 0, 5, 4, 84
"/home/matvey/Рабочий стол/C/myProgLanguage/doc/html/globals_m.html", "HTML", 0, 0, 0, 84, 0, 0, 0, 0, 5, 4, 93
"/home/matvey/Рабочий стол/C/myProgLanguage/doc/html/globals_n.html", "HTML", 0, 0, 0, 119, 0, 0, 0, 0, 5, 4, 128
"/home/matvey/Рабочий стол/C/myProgLanguage/doc/html/globals_o.html", "HTML", 0, 0, 0, 78, 0, 0, 0, 0, 5, 4, 87
"/home/matvey/Рабочий стол/C/myProgLanguage/doc/html/globals_p.html", "HTML", 0, 0, 0, 85, 0, 0, 0, 0, 5, 4, 94
"/home/matvey/Рабочий стол/C/myProgLanguage/doc/html/globals_r.html", "HTML", 0, 0, 0, 81, 0, 0, 0, 0, 5, 4, 90
"/home/matvey/Рабочий стол/C/myProgLanguage/doc/html/globals_s.html", "HTML", 0, 0, 0, 91, 0, 0, 0, 0, 5, 4, 100
"/home/matvey/Рабочий стол/C/myProgLanguage/doc/html/globals_t.html", "HTML", 0, 0, 0, 75, 0, 0, 0, 0, 5, 4, 84
"/home/matvey/Рабочий стол/C/myProgLanguage/doc/html/globals_type.html", "HTML", 0, 0, 0, 74, 0, 0, 0, 0, 5, 3, 82
"/home/matvey/Рабочий стол/C/myProgLanguage/doc/html/globals_vars.html", "HTML", 0, 0, 0, 89, 0, 0, 0, 0, 5, 3, 97
"/home/matvey/Рабочий стол/C/myProgLanguage/doc/html/globals_w.html", "HTML", 0, 0, 0, 89, 0, 0, 0, 0, 5, 4, 98
"/home/matvey/Рабочий стол/C/myProgLanguage/doc/html/globals_y.html", "HTML", 0, 0, 0, 76, 0, 0, 0, 0, 5, 4, 85
"/home/matvey/Рабочий стол/C/myProgLanguage/doc/html/graph_legend.html", "HTML", 0, 0, 0, 134, 0, 0, 0, 0, 5, 3, 142
"/home/matvey/Рабочий стол/C/myProgLanguage/doc/html/index.html", "HTML", 0, 0, 0, 74, 0, 0, 0, 0, 5, 3, 82
"/home/matvey/Рабочий стол/C/myProgLanguage/doc/html/jquery.js", "JavaScript", 0, 0, 0, 0, 0, 6, 0, 0, 27, 1, 34
"/home/matvey/Рабочий стол/C/myProgLanguage/doc/html/label_8h.html", "HTML", 0, 0, 0, 116, 0, 0, 0, 0, 5, 3, 124
"/home/matvey/Рабочий стол/C/myProgLanguage/doc/html/label_8h_source.html", "HTML", 0, 0, 0, 109, 0, 0, 0, 0, 5, 3, 117
"/home/matvey/Рабочий стол/C/myProgLanguage/doc/html/md_README.html", "HTML", 0, 0, 0, 107, 0, 0, 0, 0, 5, 3, 115
"/home/matvey/Рабочий стол/C/myProgLanguage/doc/html/menu.js", "JavaScript", 0, 0, 0, 0, 0, 108, 0, 0, 27, 2, 137
"/home/matvey/Рабочий стол/C/myProgLanguage/doc/html/menudata.js", "JavaScript", 0, 0, 0, 0, 0, 84, 0, 0, 24, 1, 109
"/home/matvey/Рабочий стол/C/myProgLanguage/doc/html/minus.svg", "XML", 0, 0, 0, 0, 0, 0, 8, 0, 0, 1, 9
"/home/matvey/Рабочий стол/C/myProgLanguage/doc/html/minusd.svg", "XML", 0, 0, 0, 0, 0, 0, 8, 0, 0, 1, 9
"/home/matvey/Рабочий стол/C/myProgLanguage/doc/html/myProcessor_2Assembler_2cpp__files_2main_8cpp.html", "HTML", 0, 0, 0, 264, 0, 0, 0, 0, 5, 13, 282
"/home/matvey/Рабочий стол/C/myProgLanguage/doc/html/myProcessor_2Processor_2cpp__files_2main_8cpp.html", "HTML", 0, 0, 0, 223, 0, 0, 0, 0, 5, 11, 239
"/home/matvey/Рабочий стол/C/myProgLanguage/doc/html/myProcessor_2workWithStack_2cpp__files_2main_8cpp.html", "HTML", 0, 0, 0, 173, 0, 0, 0, 0, 5, 7, 185
"/home/matvey/Рабочий стол/C/myProgLanguage/doc/html/pages.html", "HTML", 0, 0, 0, 79, 0, 0, 0, 0, 5, 3, 87
"/home/matvey/Рабочий стол/C/myProgLanguage/doc/html/plus.svg", "XML", 0, 0, 0, 0, 0, 0, 9, 0, 0, 1, 10
"/home/matvey/Рабочий стол/C/myProgLanguage/doc/html/plusd.svg", "XML", 0, 0, 0, 0, 0, 0, 9, 0, 0, 1, 10
"/home/matvey/Рабочий стол/C/myProgLanguage/doc/html/predprocessing_8cpp.html", "HTML", 0, 0, 0, 725, 0, 0, 0, 0, 5, 49, 779
"/home/matvey/Рабочий стол/C/myProgLanguage/doc/html/predprocessing_8h.html", "HTML", 0, 0, 0, 130, 0, 0, 0, 0, 5, 5, 140
"/home/matvey/Рабочий стол/C/myProgLanguage/doc/html/predprocessing_8h_source.html", "HTML", 0, 0, 0, 94, 0, 0, 0, 0, 5, 3, 102
"/home/matvey/Рабочий стол/C/myProgLanguage/doc/html/putDataToFile_8cpp.html", "HTML", 0, 0, 0, 215, 0, 0, 0, 0, 5, 9, 229
"/home/matvey/Рабочий стол/C/myProgLanguage/doc/html/putDataToFile_8h.html", "HTML", 0, 0, 0, 195, 0, 0, 0, 0, 5, 7, 207
"/home/matvey/Рабочий стол/C/myProgLanguage/doc/html/putDataToFile_8h_source.html", "HTML", 0, 0, 0, 101, 0, 0, 0, 0, 5, 3, 109
"/home/matvey/Рабочий стол/C/myProgLanguage/doc/html/readFile_8cpp.html", "HTML", 0, 0, 0, 163, 0, 0, 0, 0, 5, 6, 174
"/home/matvey/Рабочий стол/C/myProgLanguage/doc/html/refactorToTokens_8cpp.html", "HTML", 0, 0, 0, 346, 0, 0, 0, 0, 5, 12, 363
"/home/matvey/Рабочий стол/C/myProgLanguage/doc/html/refactorToTokens_8h.html", "HTML", 0, 0, 0, 156, 0, 0, 0, 0, 5, 5, 166
"/home/matvey/Рабочий стол/C/myProgLanguage/doc/html/refactorToTokens_8h_source.html", "HTML", 0, 0, 0, 94, 0, 0, 0, 0, 5, 3, 102
"/home/matvey/Рабочий стол/C/myProgLanguage/doc/html/runCode_8cpp.html", "HTML", 0, 0, 0, 334, 0, 0, 0, 0, 5, 18, 357
"/home/matvey/Рабочий стол/C/myProgLanguage/doc/html/runCode_8h.html", "HTML", 0, 0, 0, 156, 0, 0, 0, 0, 5, 5, 166
"/home/matvey/Рабочий стол/C/myProgLanguage/doc/html/runCode_8h_source.html", "HTML", 0, 0, 0, 103, 0, 0, 0, 0, 5, 3, 111
"/home/matvey/Рабочий стол/C/myProgLanguage/doc/html/search/all_0.js", "JavaScript", 0, 0, 0, 0, 0, 8, 0, 0, 0, 1, 9
"/home/matvey/Рабочий стол/C/myProgLanguage/doc/html/search/all_1.js", "JavaScript", 0, 0, 0, 0, 0, 7, 0, 0, 0, 1, 8
"/home/matvey/Рабочий стол/C/myProgLanguage/doc/html/search/all_10.js", "JavaScript", 0, 0, 0, 0, 0, 6, 0, 0, 0, 1, 7
"/home/matvey/Рабочий стол/C/myProgLanguage/doc/html/search/all_11.js", "JavaScript", 0, 0, 0, 0, 0, 23, 0, 0, 0, 1, 24
"/home/matvey/Рабочий стол/C/myProgLanguage/doc/html/search/all_12.js", "JavaScript", 0, 0, 0, 0, 0, 5, 0, 0, 0, 1, 6
"/home/matvey/Рабочий стол/C/myProgLanguage/doc/html/search/all_13.js", "JavaScript", 0, 0, 0, 0, 0, 4, 0, 0, 0, 1, 5
"/home/matvey/Рабочий стол/C/myProgLanguage/doc/html/search/all_2.js", "JavaScript", 0, 0, 0, 0, 0, 66, 0, 0, 0, 1, 67
"/home/matvey/Рабочий стол/C/myProgLanguage/doc/html/search/all_3.js", "JavaScript", 0, 0, 0, 0, 0, 11, 0, 0, 0, 1, 12
"/home/matvey/Рабочий стол/C/myProgLanguage/doc/html/search/all_4.js", "JavaScript", 0, 0, 0, 0, 0, 9, 0, 0, 0, 1, 10
"/home/matvey/Рабочий стол/C/myProgLanguage/doc/html/search/all_5.js", "JavaScript", 0, 0, 0, 0, 0, 8, 0, 0, 0, 1, 9
"/home/matvey/Рабочий стол/C/myProgLanguage/doc/html/search/all_6.js", "JavaScript", 0, 0, 0, 0, 0, 43, 0, 0, 0, 1, 44
"/home/matvey/Рабочий стол/C/myProgLanguage/doc/html/search/all_7.js", "JavaScript", 0, 0, 0, 0, 0, 13, 0, 0, 0, 1, 14
"/home/matvey/Рабочий стол/C/myProgLanguage/doc/html/search/all_8.js", "JavaScript", 0, 0, 0, 0, 0, 13, 0, 0, 0, 1, 14
"/home/matvey/Рабочий стол/C/myProgLanguage/doc/html/search/all_9.js", "JavaScript", 0, 0, 0, 0, 0, 16, 0, 0, 0, 1, 17
"/home/matvey/Рабочий стол/C/myProgLanguage/doc/html/search/all_a.js", "JavaScript", 0, 0, 0, 0, 0, 55, 0, 0, 0, 1, 56
"/home/matvey/Рабочий стол/C/myProgLanguage/doc/html/search/all_b.js", "JavaScript", 0, 0, 0, 0, 0, 8, 0, 0, 0, 1, 9
"/home/matvey/Рабочий стол/C/myProgLanguage/doc/html/search/all_c.js", "JavaScript", 0, 0, 0, 0, 0, 19, 0, 0, 0, 1, 20
"/home/matvey/Рабочий стол/C/myProgLanguage/doc/html/search/all_d.js", "JavaScript", 0, 0, 0, 0, 0, 23, 0, 0, 0, 1, 24
"/home/matvey/Рабочий стол/C/myProgLanguage/doc/html/search/all_e.js", "JavaScript", 0, 0, 0, 0, 0, 43, 0, 0, 0, 1, 44
"/home/matvey/Рабочий стол/C/myProgLanguage/doc/html/search/all_f.js", "JavaScript", 0, 0, 0, 0, 0, 9, 0, 0, 0, 1, 10
"/home/matvey/Рабочий стол/C/myProgLanguage/doc/html/search/classes_0.js", "JavaScript", 0, 0, 0, 0, 0, 4, 0, 0, 0, 1, 5
"/home/matvey/Рабочий стол/C/myProgLanguage/doc/html/search/classes_1.js", "JavaScript", 0, 0, 0, 0, 0, 4, 0, 0, 0, 1, 5
"/home/matvey/Рабочий стол/C/myProgLanguage/doc/html/search/classes_2.js", "JavaScript", 0, 0, 0, 0, 0, 4, 0, 0, 0, 1, 5
"/home/matvey/Рабочий стол/C/myProgLanguage/doc/html/search/classes_3.js", "JavaScript", 0, 0, 0, 0, 0, 5, 0, 0, 0, 1, 6
"/home/matvey/Рабочий стол/C/myProgLanguage/doc/html/search/classes_4.js", "JavaScript", 0, 0, 0, 0, 0, 6, 0, 0, 0, 1, 7
"/home/matvey/Рабочий стол/C/myProgLanguage/doc/html/search/classes_5.js", "JavaScript", 0, 0, 0, 0, 0, 4, 0, 0, 0, 1, 5
"/home/matvey/Рабочий стол/C/myProgLanguage/doc/html/search/classes_6.js", "JavaScript", 0, 0, 0, 0, 0, 5, 0, 0, 0, 1, 6
"/home/matvey/Рабочий стол/C/myProgLanguage/doc/html/search/classes_7.js", "JavaScript", 0, 0, 0, 0, 0, 4, 0, 0, 0, 1, 5
"/home/matvey/Рабочий стол/C/myProgLanguage/doc/html/search/close.svg", "XML", 0, 0, 0, 0, 0, 0, 18, 0, 0, 1, 19
"/home/matvey/Рабочий стол/C/myProgLanguage/doc/html/search/defines_0.js", "JavaScript", 0, 0, 0, 0, 0, 5, 0, 0, 0, 1, 6
"/home/matvey/Рабочий стол/C/myProgLanguage/doc/html/search/defines_1.js", "JavaScript", 0, 0, 0, 0, 0, 5, 0, 0, 0, 1, 6
"/home/matvey/Рабочий стол/C/myProgLanguage/doc/html/search/defines_2.js", "JavaScript", 0, 0, 0, 0, 0, 4, 0, 0, 0, 1, 5
"/home/matvey/Рабочий стол/C/myProgLanguage/doc/html/search/defines_3.js", "JavaScript", 0, 0, 0, 0, 0, 4, 0, 0, 0, 1, 5
"/home/matvey/Рабочий стол/C/myProgLanguage/doc/html/search/defines_4.js", "JavaScript", 0, 0, 0, 0, 0, 9, 0, 0, 0, 1, 10
"/home/matvey/Рабочий стол/C/myProgLanguage/doc/html/search/defines_5.js", "JavaScript", 0, 0, 0, 0, 0, 6, 0, 0, 0, 1, 7
"/home/matvey/Рабочий стол/C/myProgLanguage/doc/html/search/defines_6.js", "JavaScript", 0, 0, 0, 0, 0, 4, 0, 0, 0, 1, 5
"/home/matvey/Рабочий стол/C/myProgLanguage/doc/html/search/defines_7.js", "JavaScript", 0, 0, 0, 0, 0, 4, 0, 0, 0, 1, 5
"/home/matvey/Рабочий стол/C/myProgLanguage/doc/html/search/defines_8.js", "JavaScript", 0, 0, 0, 0, 0, 4, 0, 0, 0, 1, 5
"/home/matvey/Рабочий стол/C/myProgLanguage/doc/html/search/defines_9.js", "JavaScript", 0, 0, 0, 0, 0, 5, 0, 0, 0, 1, 6
"/home/matvey/Рабочий стол/C/myProgLanguage/doc/html/search/defines_a.js", "JavaScript", 0, 0, 0, 0, 0, 4, 0, 0, 0, 1, 5
"/home/matvey/Рабочий стол/C/myProgLanguage/doc/html/search/enums_0.js", "JavaScript", 0, 0, 0, 0, 0, 4, 0, 0, 0, 1, 5
"/home/matvey/Рабочий стол/C/myProgLanguage/doc/html/search/enums_1.js", "JavaScript", 0, 0, 0, 0, 0, 5, 0, 0, 0, 1, 6
"/home/matvey/Рабочий стол/C/myProgLanguage/doc/html/search/enums_2.js", "JavaScript", 0, 0, 0, 0, 0, 4, 0, 0, 0, 1, 5
"/home/matvey/Рабочий стол/C/myProgLanguage/doc/html/search/enums_3.js", "JavaScript", 0, 0, 0, 0, 0, 4, 0, 0, 0, 1, 5
"/home/matvey/Рабочий стол/C/myProgLanguage/doc/html/search/enums_4.js", "JavaScript", 0, 0, 0, 0, 0, 5, 0, 0, 0, 1, 6
"/home/matvey/Рабочий стол/C/myProgLanguage/doc/html/search/enums_5.js", "JavaScript", 0, 0, 0, 0, 0, 4, 0, 0, 0, 1, 5
"/home/matvey/Рабочий стол/C/myProgLanguage/doc/html/search/enumvalues_0.js", "JavaScript", 0, 0, 0, 0, 0, 5, 0, 0, 0, 1, 6
"/home/matvey/Рабочий стол/C/myProgLanguage/doc/html/search/enumvalues_1.js", "JavaScript", 0, 0, 0, 0, 0, 4, 0, 0, 0, 1, 5
"/home/matvey/Рабочий стол/C/myProgLanguage/doc/html/search/enumvalues_2.js", "JavaScript", 0, 0, 0, 0, 0, 24, 0, 0, 0, 1, 25
"/home/matvey/Рабочий стол/C/myProgLanguage/doc/html/search/enumvalues_3.js", "JavaScript", 0, 0, 0, 0, 0, 4, 0, 0, 0, 1, 5
"/home/matvey/Рабочий стол/C/myProgLanguage/doc/html/search/enumvalues_4.js", "JavaScript", 0, 0, 0, 0, 0, 6, 0, 0, 0, 1, 7
"/home/matvey/Рабочий стол/C/myProgLanguage/doc/html/search/enumvalues_5.js", "JavaScript", 0, 0, 0, 0, 0, 4, 0, 0, 0, 1, 5
"/home/matvey/Рабочий стол/C/myProgLanguage/doc/html/search/enumvalues_6.js", "JavaScript", 0, 0, 0, 0, 0, 44, 0, 0, 0, 1, 45
"/home/matvey/Рабочий стол/C/myProgLanguage/doc/html/search/enumvalues_7.js", "JavaScript", 0, 0, 0, 0, 0, 4, 0, 0, 0, 1, 5
"/home/matvey/Рабочий стол/C/myProgLanguage/doc/html/search/enumvalues_8.js", "JavaScript", 0, 0, 0, 0, 0, 6, 0, 0, 0, 1, 7
"/home/matvey/Рабочий стол/C/myProgLanguage/doc/html/search/enumvalues_9.js", "JavaScript", 0, 0, 0, 0, 0, 5, 0, 0, 0, 1, 6
"/home/matvey/Рабочий стол/C/myProgLanguage/doc/html/search/enumvalues_a.js", "JavaScript", 0, 0, 0, 0, 0, 5, 0, 0, 0, 1, 6
"/home/matvey/Рабочий стол/C/myProgLanguage/doc/html/search/files_0.js", "JavaScript", 0, 0, 0, 0, 0, 13, 0, 0, 0, 1, 14
"/home/matvey/Рабочий стол/C/myProgLanguage/doc/html/search/files_1.js", "JavaScript", 0, 0, 0, 0, 0, 5, 0, 0, 0, 1, 6
"/home/matvey/Рабочий стол/C/myProgLanguage/doc/html/search/files_2.js", "JavaScript", 0, 0, 0, 0, 0, 11, 0, 0, 0, 1, 12
"/home/matvey/Рабочий стол/C/myProgLanguage/doc/html/search/files_3.js", "JavaScript", 0, 0, 0, 0, 0, 4, 0, 0, 0, 1, 5
"/home/matvey/Рабочий стол/C/myProgLanguage/doc/html/search/files_4.js", "JavaScript", 0, 0, 0, 0, 0, 5, 0, 0, 0, 1, 6
"/home/matvey/Рабочий стол/C/myProgLanguage/doc/html/search/files_5.js", "JavaScript", 0, 0, 0, 0, 0, 7, 0, 0, 0, 1, 8
"/home/matvey/Рабочий стол/C/myProgLanguage/doc/html/search/files_6.js", "JavaScript", 0, 0, 0, 0, 0, 10, 0, 0, 0, 1, 11
"/home/matvey/Рабочий стол/C/myProgLanguage/doc/html/search/files_7.js", "JavaScript", 0, 0, 0, 0, 0, 19, 0, 0, 0, 1, 20
"/home/matvey/Рабочий стол/C/myProgLanguage/doc/html/search/files_8.js", "JavaScript", 0, 0, 0, 0, 0, 5, 0, 0, 0, 1, 6
"/home/matvey/Рабочий стол/C/myProgLanguage/doc/html/search/files_9.js", "JavaScript", 0, 0, 0, 0, 0, 8, 0, 0, 0, 1, 9
"/home/matvey/Рабочий стол/C/myProgLanguage/doc/html/search/functions_0.js", "JavaScript", 0, 0, 0, 0, 0, 6, 0, 0, 0, 1, 7
"/home/matvey/Рабочий стол/C/myProgLanguage/doc/html/search/functions_1.js", "JavaScript", 0, 0, 0, 0, 0, 4, 0, 0, 0, 1, 5
"/home/matvey/Рабочий стол/C/myProgLanguage/doc/html/search/functions_2.js", "JavaScript", 0, 0, 0, 0, 0, 13, 0, 0, 0, 1, 14
"/home/matvey/Рабочий стол/C/myProgLanguage/doc/html/search/functions_3.js", "JavaScript", 0, 0, 0, 0, 0, 6, 0, 0, 0, 1, 7
"/home/matvey/Рабочий стол/C/myProgLanguage/doc/html/search/functions_4.js", "JavaScript", 0, 0, 0, 0, 0, 4, 0, 0, 0, 1, 5
"/home/matvey/Рабочий стол/C/myProgLanguage/doc/html/search/functions_5.js", "JavaScript", 0, 0, 0, 0, 0, 4, 0, 0, 0, 1, 5
"/home/matvey/Рабочий стол/C/myProgLanguage/doc/html/search/functions_6.js", "JavaScript", 0, 0, 0, 0, 0, 33, 0, 0, 0, 1, 34
"/home/matvey/Рабочий стол/C/myProgLanguage/doc/html/search/functions_7.js", "JavaScript", 0, 0, 0, 0, 0, 6, 0, 0, 0, 1, 7
"/home/matvey/Рабочий стол/C/myProgLanguage/doc/html/search/functions_8.js", "JavaScript", 0, 0, 0, 0, 0, 6, 0, 0, 0, 1, 7
"/home/matvey/Рабочий стол/C/myProgLanguage/doc/html/search/functions_9.js", "JavaScript", 0, 0, 0, 0, 0, 6, 0, 0, 0, 1, 7
"/home/matvey/Рабочий стол/C/myProgLanguage/doc/html/search/functions_a.js", "JavaScript", 0, 0, 0, 0, 0, 12, 0, 0, 0, 1, 13
"/home/matvey/Рабочий стол/C/myProgLanguage/doc/html/search/functions_b.js", "JavaScript", 0, 0, 0, 0, 0, 6, 0, 0, 0, 1, 7
"/home/matvey/Рабочий стол/C/myProgLanguage/doc/html/search/functions_c.js", "JavaScript", 0, 0, 0, 0, 0, 16, 0, 0, 0, 1, 17
"/home/matvey/Рабочий стол/C/myProgLanguage/doc/html/search/functions_d.js", "JavaScript", 0, 0, 0, 0, 0, 14, 0, 0, 0, 1, 15
"/home/matvey/Рабочий стол/C/myProgLanguage/doc/html/search/mag.svg", "XML", 0, 0, 0, 0, 0, 0, 24, 0, 0, 1, 25
"/home/matvey/Рабочий стол/C/myProgLanguage/doc/html/search/mag_d.svg", "XML", 0, 0, 0, 0, 0, 0, 24, 0, 0, 1, 25
"/home/matvey/Рабочий стол/C/myProgLanguage/doc/html/search/mag_sel.svg", "XML", 0, 0, 0, 0, 0, 0, 30, 0, 1, 1, 32
"/home/matvey/Рабочий стол/C/myProgLanguage/doc/html/search/mag_seld.svg", "XML", 0, 0, 0, 0, 0, 0, 30, 0, 1, 1, 32
"/home/matvey/Рабочий стол/C/myProgLanguage/doc/html/search/pages_0.js", "JavaScript", 0, 0, 0, 0, 0, 4, 0, 0, 0, 1, 5
"/home/matvey/Рабочий стол/C/myProgLanguage/doc/html/search/pages_1.js", "JavaScript", 0, 0, 0, 0, 0, 4, 0, 0, 0, 1, 5
"/home/matvey/Рабочий стол/C/myProgLanguage/doc/html/search/pages_2.js", "JavaScript", 0, 0, 0, 0, 0, 4, 0, 0, 0, 1, 5
"/home/matvey/Рабочий стол/C/myProgLanguage/doc/html/search/pages_3.js", "JavaScript", 0, 0, 0, 0, 0, 4, 0, 0, 0, 1, 5
"/home/matvey/Рабочий стол/C/myProgLanguage/doc/html/search/pages_4.js", "JavaScript", 0, 0, 0, 0, 0, 4, 0, 0, 0, 1, 5
"/home/matvey/Рабочий стол/C/myProgLanguage/doc/html/search/pages_5.js", "JavaScript", 0, 0, 0, 0, 0, 4, 0, 0, 0, 1, 5
"/home/matvey/Рабочий стол/C/myProgLanguage/doc/html/search/pages_6.js", "JavaScript", 0, 0, 0, 0, 0, 4, 0, 0, 0, 1, 5
"/home/matvey/Рабочий стол/C/myProgLanguage/doc/html/search/pages_7.js", "JavaScript", 0, 0, 0, 0, 0, 4, 0, 0, 0, 1, 5
"/home/matvey/Рабочий стол/C/myProgLanguage/doc/html/search/search.css", "CSS", 0, 0, 0, 0, 0, 0, 0, 232, 9, 51, 292
"/home/matvey/Рабочий стол/C/myProgLanguage/doc/html/search/search.js", "JavaScript", 0, 0, 0, 0, 0, 711, 0, 0, 60, 70, 841
"/home/matvey/Рабочий стол/C/myProgLanguage/doc/html/search/searchdata.js", "JavaScript", 0, 0, 0, 0, 0, 39, 0, 0, 0, 4, 43
"/home/matvey/Рабочий стол/C/myProgLanguage/doc/html/search/typedefs_0.js", "JavaScript", 0, 0, 0, 0, 0, 4, 0, 0, 0, 1, 5
"/home/matvey/Рабочий стол/C/myProgLanguage/doc/html/search/variables_0.js", "JavaScript", 0, 0, 0, 0, 0, 20, 0, 0, 0, 1, 21
"/home/matvey/Рабочий стол/C/myProgLanguage/doc/html/search/variables_1.js", "JavaScript", 0, 0, 0, 0, 0, 5, 0, 0, 0, 1, 6
"/home/matvey/Рабочий стол/C/myProgLanguage/doc/html/search/variables_2.js", "JavaScript", 0, 0, 0, 0, 0, 6, 0, 0, 0, 1, 7
"/home/matvey/Рабочий стол/C/myProgLanguage/doc/html/search/variables_3.js", "JavaScript", 0, 0, 0, 0, 0, 5, 0, 0, 0, 1, 6
"/home/matvey/Рабочий стол/C/myProgLanguage/doc/html/search/variables_4.js", "JavaScript", 0, 0, 0, 0, 0, 7, 0, 0, 0, 1, 8
"/home/matvey/Рабочий стол/C/myProgLanguage/doc/html/search/variables_5.js", "JavaScript", 0, 0, 0, 0, 0, 4, 0, 0, 0, 1, 5
"/home/matvey/Рабочий стол/C/myProgLanguage/doc/html/search/variables_6.js", "JavaScript", 0, 0, 0, 0, 0, 8, 0, 0, 0, 1, 9
"/home/matvey/Рабочий стол/C/myProgLanguage/doc/html/search/variables_7.js", "JavaScript", 0, 0, 0, 0, 0, 8, 0, 0, 0, 1, 9
"/home/matvey/Рабочий стол/C/myProgLanguage/doc/html/search/variables_8.js", "JavaScript", 0, 0, 0, 0, 0, 7, 0, 0, 0, 1, 8
"/home/matvey/Рабочий стол/C/myProgLanguage/doc/html/search/variables_9.js", "JavaScript", 0, 0, 0, 0, 0, 4, 0, 0, 0, 1, 5
"/home/matvey/Рабочий стол/C/myProgLanguage/doc/html/search/variables_a.js", "JavaScript", 0, 0, 0, 0, 0, 6, 0, 0, 0, 1, 7
"/home/matvey/Рабочий стол/C/myProgLanguage/doc/html/search/variables_b.js", "JavaScript", 0, 0, 0, 0, 0, 4, 0, 0, 0, 1, 5
"/home/matvey/Рабочий стол/C/myProgLanguage/doc/html/source_2main_8cpp.html", "HTML", 0, 0, 0, 153, 0, 0, 0, 0, 5, 5, 163
"/home/matvey/Рабочий стол/C/myProgLanguage/doc/html/spu_8h.html", "HTML", 0, 0, 0, 140, 0, 0, 0, 0, 5, 3, 148
"/home/matvey/Рабочий стол/C/myProgLanguage/doc/html/spu_8h_source.html", "HTML", 0, 0, 0, 122, 0, 0, 0, 0, 5, 3, 130
"/home/matvey/Рабочий стол/C/myProgLanguage/doc/html/stackAssertFunction_8cpp.html", "HTML", 0, 0, 0, 198, 0, 0, 0, 0, 5, 7, 210
"/home/matvey/Рабочий стол/C/myProgLanguage/doc/html/stackAssertFunction_8h.html", "HTML", 0, 0, 0, 162, 0, 0, 0, 0, 5, 5, 172
"/home/matvey/Рабочий стол/C/myProgLanguage/doc/html/stackAssertFunction_8h_source.html", "HTML", 0, 0, 0, 97, 0, 0, 0, 0, 5, 3, 105
"/home/matvey/Рабочий стол/C/myProgLanguage/doc/html/stackConstructor_8h.html", "HTML", 0, 0, 0, 231, 0, 0, 0, 0, 5, 7, 243
"/home/matvey/Рабочий стол/C/myProgLanguage/doc/html/stackConstructor_8h_source.html", "HTML", 0, 0, 0, 127, 0, 0, 0, 0, 5, 3, 135
"/home/matvey/Рабочий стол/C/myProgLanguage/doc/html/stackDump_8cpp.html", "HTML", 0, 0, 0, 151, 0, 0, 0, 0, 5, 7, 163
"/home/matvey/Рабочий стол/C/myProgLanguage/doc/html/stackDump_8h.html", "HTML", 0, 0, 0, 164, 0, 0, 0, 0, 5, 7, 176
"/home/matvey/Рабочий стол/C/myProgLanguage/doc/html/stackDump_8h_source.html", "HTML", 0, 0, 0, 100, 0, 0, 0, 0, 5, 3, 108
"/home/matvey/Рабочий стол/C/myProgLanguage/doc/html/stackError_8cpp.html", "HTML", 0, 0, 0, 136, 0, 0, 0, 0, 5, 5, 146
"/home/matvey/Рабочий стол/C/myProgLanguage/doc/html/stackError_8h.html", "HTML", 0, 0, 0, 141, 0, 0, 0, 0, 5, 5, 151
"/home/matvey/Рабочий стол/C/myProgLanguage/doc/html/stackError_8h_source.html", "HTML", 0, 0, 0, 100, 0, 0, 0, 0, 5, 3, 108
"/home/matvey/Рабочий стол/C/myProgLanguage/doc/html/stackInitDestroy_8cpp.html", "HTML", 0, 0, 0, 294, 0, 0, 0, 0, 5, 15, 314
"/home/matvey/Рабочий стол/C/myProgLanguage/doc/html/stackInitDestroy_8h.html", "HTML", 0, 0, 0, 267, 0, 0, 0, 0, 5, 13, 285
"/home/matvey/Рабочий стол/C/myProgLanguage/doc/html/stackInitDestroy_8h_source.html", "HTML", 0, 0, 0, 106, 0, 0, 0, 0, 5, 3, 114
"/home/matvey/Рабочий стол/C/myProgLanguage/doc/html/stackPushPop_8cpp.html", "HTML", 0, 0, 0, 215, 0, 0, 0, 0, 5, 9, 229
"/home/matvey/Рабочий стол/C/myProgLanguage/doc/html/stackPushPop_8h.html", "HTML", 0, 0, 0, 170, 0, 0, 0, 0, 5, 7, 182
"/home/matvey/Рабочий стол/C/myProgLanguage/doc/html/stackPushPop_8h_source.html", "HTML", 0, 0, 0, 98, 0, 0, 0, 0, 5, 3, 106
"/home/matvey/Рабочий стол/C/myProgLanguage/doc/html/stepByStep_8cpp.html", "HTML", 0, 0, 0, 365, 0, 0, 0, 0, 5, 21, 391
"/home/matvey/Рабочий стол/C/myProgLanguage/doc/html/stepByStep_8h.html", "HTML", 0, 0, 0, 167, 0, 0, 0, 0, 5, 7, 179
"/home/matvey/Рабочий стол/C/myProgLanguage/doc/html/stepByStep_8h_source.html", "HTML", 0, 0, 0, 96, 0, 0, 0, 0, 5, 3, 104
"/home/matvey/Рабочий стол/C/myProgLanguage/doc/html/stressTests_8cpp.html", "HTML", 0, 0, 0, 174, 0, 0, 0, 0, 5, 7, 186
"/home/matvey/Рабочий стол/C/myProgLanguage/doc/html/stressTests_8h.html", "HTML", 0, 0, 0, 118, 0, 0, 0, 0, 5, 5, 128
"/home/matvey/Рабочий стол/C/myProgLanguage/doc/html/stressTests_8h_source.html", "HTML", 0, 0, 0, 90, 0, 0, 0, 0, 5, 3, 98
"/home/matvey/Рабочий стол/C/myProgLanguage/doc/html/structcommand__t-members.html", "HTML", 0, 0, 0, 80, 0, 0, 0, 0, 5, 4, 89
"/home/matvey/Рабочий стол/C/myProgLanguage/doc/html/structcommand__t.html", "HTML", 0, 0, 0, 142, 0, 0, 0, 0, 5, 12, 159
"/home/matvey/Рабочий стол/C/myProgLanguage/doc/html/structinfoOfStack-members.html", "HTML", 0, 0, 0, 79, 0, 0, 0, 0, 5, 4, 88
"/home/matvey/Рабочий стол/C/myProgLanguage/doc/html/structinfoOfStack.html", "HTML", 0, 0, 0, 128, 0, 0, 0, 0, 5, 10, 143
"/home/matvey/Рабочий стол/C/myProgLanguage/doc/html/structlabel__t-members.html", "HTML", 0, 0, 0, 78, 0, 0, 0, 0, 5, 4, 87
"/home/matvey/Рабочий стол/C/myProgLanguage/doc/html/structlabel__t.html", "HTML", 0, 0, 0, 114, 0, 0, 0, 0, 5, 8, 127
"/home/matvey/Рабочий стол/C/myProgLanguage/doc/html/structlabelsData__t-members.html", "HTML", 0, 0, 0, 78, 0, 0, 0, 0, 5, 4, 87
"/home/matvey/Рабочий стол/C/myProgLanguage/doc/html/structlabelsData__t.html", "HTML", 0, 0, 0, 124, 0, 0, 0, 0, 5, 8, 137
"/home/matvey/Рабочий стол/C/myProgLanguage/doc/html/structnameTable__t-members.html", "HTML", 0, 0, 0, 78, 0, 0, 0, 0, 5, 4, 87
"/home/matvey/Рабочий стол/C/myProgLanguage/doc/html/structnameTable__t.html", "HTML", 0, 0, 0, 114, 0, 0, 0, 0, 5, 8, 127
"/home/matvey/Рабочий стол/C/myProgLanguage/doc/html/structnode__t-members.html", "HTML", 0, 0, 0, 80, 0, 0, 0, 0, 5, 4, 89
"/home/matvey/Рабочий стол/C/myProgLanguage/doc/html/structnode__t.html", "HTML", 0, 0, 0, 155, 0, 0, 0, 0, 5, 12, 172
"/home/matvey/Рабочий стол/C/myProgLanguage/doc/html/structnumber__t-members.html", "HTML", 0, 0, 0, 78, 0, 0, 0, 0, 5, 4, 87
"/home/matvey/Рабочий стол/C/myProgLanguage/doc/html/structnumber__t.html", "HTML", 0, 0, 0, 114, 0, 0, 0, 0, 5, 8, 127
"/home/matvey/Рабочий стол/C/myProgLanguage/doc/html/structprogInfo__t-members.html", "HTML", 0, 0, 0, 78, 0, 0, 0, 0, 5, 4, 87
"/home/matvey/Рабочий стол/C/myProgLanguage/doc/html/structprogInfo__t.html", "HTML", 0, 0, 0, 123, 0, 0, 0, 0, 5, 7, 135
"/home/matvey/Рабочий стол/C/myProgLanguage/doc/html/structspu__t-members.html", "HTML", 0, 0, 0, 82, 0, 0, 0, 0, 5, 4, 91
"/home/matvey/Рабочий стол/C/myProgLanguage/doc/html/structspu__t.html", "HTML", 0, 0, 0, 182, 0, 0, 0, 0, 5, 16, 203
"/home/matvey/Рабочий стол/C/myProgLanguage/doc/html/structstack__t-members.html", "HTML", 0, 0, 0, 79, 0, 0, 0, 0, 5, 4, 88
"/home/matvey/Рабочий стол/C/myProgLanguage/doc/html/structstack__t.html", "HTML", 0, 0, 0, 128, 0, 0, 0, 0, 5, 10, 143
"/home/matvey/Рабочий стол/C/myProgLanguage/doc/html/structtortureChamber__t-members.html", "HTML", 0, 0, 0, 79, 0, 0, 0, 0, 5, 4, 88
"/home/matvey/Рабочий стол/C/myProgLanguage/doc/html/structtortureChamber__t.html", "HTML", 0, 0, 0, 137, 0, 0, 0, 0, 5, 9, 151
"/home/matvey/Рабочий стол/C/myProgLanguage/doc/html/tabs.css", "CSS", 0, 0, 0, 0, 0, 0, 0, 1, 0, 1, 2
"/home/matvey/Рабочий стол/C/myProgLanguage/doc/html/treeFuncs_8cpp.html", "HTML", 0, 0, 0, 272, 0, 0, 0, 0, 5, 17, 294
"/home/matvey/Рабочий стол/C/myProgLanguage/doc/html/tree_8h.html", "HTML", 0, 0, 0, 376, 0, 0, 0, 0, 5, 17, 398
"/home/matvey/Рабочий стол/C/myProgLanguage/doc/html/tree_8h_source.html", "HTML", 0, 0, 0, 215, 0, 0, 0, 0, 5, 3, 223
"/home/matvey/Рабочий стол/C/myProgLanguage/doc/html/uniondata__u-members.html", "HTML", 0, 0, 0, 78, 0, 0, 0, 0, 5, 4, 87
"/home/matvey/Рабочий стол/C/myProgLanguage/doc/html/uniondata__u.html", "HTML", 0, 0, 0, 124, 0, 0, 0, 0, 5, 8, 137
"/home/matvey/Рабочий стол/C/myProgLanguage/doc/html/workWithFile_8h.html", "HTML", 0, 0, 0, 260, 0, 0, 0, 0, 5, 12, 277
"/home/matvey/Рабочий стол/C/myProgLanguage/doc/html/workWithFile_8h_source.html", "HTML", 0, 0, 0, 104, 0, 0, 0, 0, 5, 3, 112
"/home/matvey/Рабочий стол/C/myProgLanguage/doc/html/workWithStack_2h__files_2macros_8h.html", "HTML", 0, 0, 0, 297, 0, 0, 0, 0, 5, 15, 317
"/home/matvey/Рабочий стол/C/myProgLanguage/doc/html/workWithStack_2h__files_2macros_8h_source.html", "HTML", 0, 0, 0, 127, 0, 0, 0, 0, 5, 3, 135
"/home/matvey/Рабочий стол/C/myProgLanguage/doc/html/wrDotFile_8cpp.html", "HTML", 0, 0, 0, 239, 0, 0, 0, 0, 5, 12, 256
"/home/matvey/Рабочий стол/C/myProgLanguage/doc/html/wrPngFile_8cpp.html", "HTML", 0, 0, 0, 157, 0, 0, 0, 0, 5, 6, 168
"/home/matvey/Рабочий стол/C/myProgLanguage/doc/html/writeASMfile_8cpp.html", "HTML", 0, 0, 0, 306, 0, 0, 0, 0, 5, 13, 324
"/home/matvey/Рабочий стол/C/myProgLanguage/doc/html/writeASMfile_8h.html", "HTML", 0, 0, 0, 140, 0, 0, 0, 0, 5, 5, 150
"/home/matvey/Рабочий стол/C/myProgLanguage/doc/html/writeASMfile_8h_source.html", "HTML", 0, 0, 0, 95, 0, 0, 0, 0, 5, 3, 103
"/home/matvey/Рабочий стол/C/myProgLanguage/include/errors.h", "C++", 0, 0, 10, 0, 0, 0, 0, 0, 0, 2, 12
"/home/matvey/Рабочий стол/C/myProgLanguage/include/predprocessing.h", "C++", 0, 0, 5, 0, 0, 0, 0, 0, 0, 3, 8
"/home/matvey/Рабочий стол/C/myProgLanguage/include/writeASMfile.h", "C++", 0, 0, 5, 0, 0, 0, 0, 0, 0, 3, 8
"/home/matvey/Рабочий стол/C/myProgLanguage/myProcessor/Assembler/Makefile", "Makefile", 0, 18, 0, 0, 0, 0, 0, 0, 0, 8, 26
"/home/matvey/Рабочий стол/C/myProgLanguage/myProcessor/Assembler/cpp_files/convertAsmToCommands.cpp", "C++", 0, 0, 273, 0, 0, 0, 0, 0, 17, 102, 392
"/home/matvey/Рабочий стол/C/myProgLanguage/myProcessor/Assembler/cpp_files/getFileStrings.cpp", "C++", 0, 0, 35, 0, 0, 0, 0, 0, 5, 17, 57
"/home/matvey/Рабочий стол/C/myProgLanguage/myProcessor/Assembler/cpp_files/main.cpp", "C++", 0, 0, 63, 0, 0, 0, 0, 0, 4, 25, 92
"/home/matvey/Рабочий стол/C/myProgLanguage/myProcessor/Assembler/cpp_files/putDataToFile.cpp", "C++", 0, 0, 53, 0, 0, 0, 0, 0, 2, 22, 77
"/home/matvey/Рабочий стол/C/myProgLanguage/myProcessor/Assembler/h_files/commands.h", "C++", 0, 0, 35, 0, 0, 0, 0, 0, 0, 9, 44
"/home/matvey/Рабочий стол/C/myProgLanguage/myProcessor/Assembler/h_files/convertAsmToCommands.h", "C++", 0, 0, 17, 0, 0, 0, 0, 0, 0, 5, 22
"/home/matvey/Рабочий стол/C/myProgLanguage/myProcessor/Assembler/h_files/getFileStrings.h", "C++", 0, 0, 9, 0, 0, 0, 0, 0, 0, 3, 12
"/home/matvey/Рабочий стол/C/myProgLanguage/myProcessor/Assembler/h_files/label.h", "C++", 0, 0, 12, 0, 0, 0, 0, 0, 0, 4, 16
"/home/matvey/Рабочий стол/C/myProgLanguage/myProcessor/Assembler/h_files/putDataToFile.h", "C++", 0, 0, 11, 0, 0, 0, 0, 0, 0, 3, 14
"/home/matvey/Рабочий стол/C/myProgLanguage/myProcessor/Assembler/h_files/registers.h", "C++", 0, 0, 10, 0, 0, 0, 0, 0, 0, 2, 12
"/home/matvey/Рабочий стол/C/myProgLanguage/myProcessor/Processor/Makefile", "Makefile", 0, 38, 0, 0, 0, 0, 0, 0, 0, 20, 58
"/home/matvey/Рабочий стол/C/myProgLanguage/myProcessor/Processor/cpp_files/getCommands.cpp", "C++", 0, 0, 96, 0, 0, 0, 0, 0, 1, 23, 120
"/home/matvey/Рабочий стол/C/myProgLanguage/myProcessor/Processor/cpp_files/getData_of_BinaryFile.cpp", "C++", 0, 0, 24, 0, 0, 0, 0, 0, 4, 11, 39
"/home/matvey/Рабочий стол/C/myProgLanguage/myProcessor/Processor/cpp_files/getNumber.cpp", "C++", 0, 0, 21, 0, 0, 0, 0, 0, 0, 4, 25
"/home/matvey/Рабочий стол/C/myProgLanguage/myProcessor/Processor/cpp_files/main.cpp", "C++", 0, 0, 41, 0, 0, 0, 0, 0, 4, 16, 61
"/home/matvey/Рабочий стол/C/myProgLanguage/myProcessor/Processor/cpp_files/runCode.cpp", "C++", 0, 0, 197, 0, 0, 0, 0, 0, 19, 65, 281
"/home/matvey/Рабочий стол/C/myProgLanguage/myProcessor/Processor/cpp_files/stepByStep.cpp", "C++", 0, 0, 248, 0, 0, 0, 0, 0, 6, 71, 325
"/home/matvey/Рабочий стол/C/myProgLanguage/myProcessor/Processor/h_files/commands.h", "C++", 0, 0, 29, 0, 0, 0, 0, 0, 0, 8, 37
"/home/matvey/Рабочий стол/C/myProgLanguage/myProcessor/Processor/h_files/getCommands.h", "C++", 0, 0, 11, 0, 0, 0, 0, 0, 0, 5, 16
"/home/matvey/Рабочий стол/C/myProgLanguage/myProcessor/Processor/h_files/getData_of_BinaryFile.h", "C++", 0, 0, 9, 0, 0, 0, 0, 0, 0, 3, 12
"/home/matvey/Рабочий стол/C/myProgLanguage/myProcessor/Processor/h_files/getNumber.h", "C++", 0, 0, 4, 0, 0, 0, 0, 0, 0, 2, 6
"/home/matvey/Рабочий стол/C/myProgLanguage/myProcessor/Processor/h_files/macros.h", "C++", 0, 0, 8, 0, 0, 0, 0, 0, 0, 6, 14
"/home/matvey/Рабочий стол/C/myProgLanguage/myProcessor/Processor/h_files/registers.h", "C++", 0, 0, 11, 0, 0, 0, 0, 0, 0, 3, 14
"/home/matvey/Рабочий стол/C/myProgLanguage/myProcessor/Processor/h_files/runCode.h", "C++", 0, 0, 11, 0, 0, 0, 0, 0, 0, 4, 15
"/home/matvey/Рабочий стол/C/myProgLanguage/myProcessor/Processor/h_files/spu.h", "C++", 0, 0, 18, 0, 0, 0, 0, 0, 0, 4, 22
"/home/matvey/Рабочий стол/C/myProgLanguage/myProcessor/Processor/h_files/stepByStep.h", "C++", 0, 0, 6, 0, 0, 0, 0, 0, 0, 3, 9
"/home/matvey/Рабочий стол/C/myProgLanguage/myProcessor/go.sh", "Shell Script", 0, 0, 0, 0, 1, 0, 0, 0, 0, 1, 2
"/home/matvey/Рабочий стол/C/myProgLanguage/myProcessor/workWithStack/Makefile", "Makefile", 0, 27, 0, 0, 0, 0, 0, 0, 0, 12, 39
"/home/matvey/Рабочий стол/C/myProgLanguage/myProcessor/workWithStack/cpp_files/countHash.cpp", "C++", 0, 0, 18, 0, 0, 0, 0, 0, 0, 12, 30
"/home/matvey/Рабочий стол/C/myProgLanguage/myProcessor/workWithStack/cpp_files/main.cpp", "C++", 0, 0, 31, 0, 0, 0, 0, 0, 1, 18, 50
"/home/matvey/Рабочий стол/C/myProgLanguage/myProcessor/workWithStack/cpp_files/stackAssertFunction.cpp", "C++", 0, 0, 46, 0, 0, 0, 0, 0, 0, 18, 64
"/home/matvey/Рабочий стол/C/myProgLanguage/myProcessor/workWithStack/cpp_files/stackDump.cpp", "C++", 0, 0, 35, 0, 0, 0, 0, 0, 1, 12, 48
"/home/matvey/Рабочий стол/C/myProgLanguage/myProcessor/workWithStack/cpp_files/stackError.cpp", "C++", 0, 0, 15, 0, 0, 0, 0, 0, 0, 8, 23
"/home/matvey/Рабочий стол/C/myProgLanguage/myProcessor/workWithStack/cpp_files/stackInitDestroy.cpp", "C++", 0, 0, 56, 0, 0, 0, 0, 0, 0, 24, 80
"/home/matvey/Рабочий стол/C/myProgLanguage/myProcessor/workWithStack/cpp_files/stackPushPop.cpp", "C++", 0, 0, 60, 0, 0, 0, 0, 0, 1, 29, 90
"/home/matvey/Рабочий стол/C/myProgLanguage/myProcessor/workWithStack/cpp_files/stressTests.cpp", "C++", 0, 0, 27, 0, 0, 0, 0, 0, 1, 12, 40
"/home/matvey/Рабочий стол/C/myProgLanguage/myProcessor/workWithStack/h_files/colors.h", "C++", 0, 0, 11, 0, 0, 0, 0, 0, 0, 3, 14
"/home/matvey/Рабочий стол/C/myProgLanguage/myProcessor/workWithStack/h_files/countHash.h", "C++", 0, 0, 5, 0, 0, 0, 0, 0, 0, 3, 8
"/home/matvey/Рабочий стол/C/myProgLanguage/myProcessor/workWithStack/h_files/errorNames.h", "C++", 0, 0, 11, 0, 0, 0, 0, 0, 0, 2, 13
"/home/matvey/Рабочий стол/C/myProgLanguage/myProcessor/workWithStack/h_files/macros.h", "C++", 0, 0, 27, 0, 0, 0, 0, 0, 4, 13, 44
"/home/matvey/Рабочий стол/C/myProgLanguage/myProcessor/workWithStack/h_files/stackAssertFunction.h", "C++", 0, 0, 7, 0, 0, 0, 0, 0, 0, 3, 10
"/home/matvey/Рабочий стол/C/myProgLanguage/myProcessor/workWithStack/h_files/stackConstructor.h", "C++", 0, 0, 20, 0, 0, 0, 0, 0, 0, 7, 27
"/home/matvey/Рабочий стол/C/myProgLanguage/myProcessor/workWithStack/h_files/stackDump.h", "C++", 0, 0, 8, 0, 0, 0, 0, 0, 0, 3, 11
"/home/matvey/Рабочий стол/C/myProgLanguage/myProcessor/workWithStack/h_files/stackError.h", "C++", 0, 0, 8, 0, 0, 0, 0, 0, 0, 3, 11
"/home/matvey/Рабочий стол/C/myProgLanguage/myProcessor/workWithStack/h_files/stackInitDestroy.h", "C++", 0, 0, 12, 0, 0, 0, 0, 0, 0, 5, 17
"/home/matvey/Рабочий стол/C/myProgLanguage/myProcessor/workWithStack/h_files/stackPushPop.h", "C++", 0, 0, 7, 0, 0, 0, 0, 0, 0, 3, 10
"/home/matvey/Рабочий стол/C/myProgLanguage/myProcessor/workWithStack/h_files/stressTests.h", "C++", 0, 0, 4, 0, 0, 0, 0, 0, 0, 2, 6
"/home/matvey/Рабочий стол/C/myProgLanguage/source/main.cpp", "C++", 0, 0, 41, 0, 0, 0, 0, 0, 1, 7, 49
"/home/matvey/Рабочий стол/C/myProgLanguage/source/writeASMfile.cpp", "C++", 0, 0, 209, 0, 0, 0, 0, 0, 10, 32, 251
"Total", "-", 39, 167, 3099, 24572, 1, 2038, 263, 1914, 1305, 2683, 36081